-- MySQL dump 10.13  Distrib 8.0.33, for Linux (x86_64)
--
-- Host: localhost    Database: DogWalkService
-- ------------------------------------------------------
-- Server version	8.0.33-0ubuntu0.22.04.2

/*!40101 SET @OLD_CHARACTER_SET_CLIENT=@@CHARACTER_SET_CLIENT */;
/*!40101 SET @OLD_CHARACTER_SET_RESULTS=@@CHARACTER_SET_RESULTS */;
/*!40101 SET @OLD_COLLATION_CONNECTION=@@COLLATION_CONNECTION */;
/*!50503 SET NAMES utf8mb4 */;
/*!40103 SET @OLD_TIME_ZONE=@@TIME_ZONE */;
/*!40103 SET TIME_ZONE='+00:00' */;
/*!40014 SET @OLD_UNIQUE_CHECKS=@@UNIQUE_CHECKS, UNIQUE_CHECKS=0 */;
/*!40014 SET @OLD_FOREIGN_KEY_CHECKS=@@FOREIGN_KEY_CHECKS, FOREIGN_KEY_CHECKS=0 */;
/*!40101 SET @OLD_SQL_MODE=@@SQL_MODE, SQL_MODE='NO_AUTO_VALUE_ON_ZERO' */;
/*!40111 SET @OLD_SQL_NOTES=@@SQL_NOTES, SQL_NOTES=0 */;

--
-- Table structure for table `Dogs`
--

DROP TABLE IF EXISTS `Dogs`;
/*!40101 SET @saved_cs_client     = @@character_set_client */;
/*!50503 SET character_set_client = utf8mb4 */;
CREATE TABLE `Dogs` (
  `dog_id` int NOT NULL AUTO_INCREMENT,
  `owner_id` int NOT NULL,
  `name` varchar(50) NOT NULL,
  `size` enum('small','medium','large') NOT NULL,
  PRIMARY KEY (`dog_id`),
  KEY `owner_id` (`owner_id`),
  CONSTRAINT `Dogs_ibfk_1` FOREIGN KEY (`owner_id`) REFERENCES `Users` (`user_id`)
) ENGINE=InnoDB AUTO_INCREMENT=6 DEFAULT CHARSET=utf8mb4 COLLATE=utf8mb4_0900_ai_ci;
/*!40101 SET character_set_client = @saved_cs_client */;

--
-- Dumping data for table `Dogs`
--

LOCK TABLES `Dogs` WRITE;
/*!40000 ALTER TABLE `Dogs` DISABLE KEYS */;
INSERT INTO `Dogs` VALUES (1,1,'Max','medium'),(2,3,'Bella','small'),(3,5,'Charlie','large'),(4,1,'Daisy','small'),(5,3,'Rocky','medium');
/*!40000 ALTER TABLE `Dogs` ENABLE KEYS */;
UNLOCK TABLES;

--
-- Table structure for table `Locations`
--

DROP TABLE IF EXISTS `Locations`;
/*!40101 SET @saved_cs_client     = @@character_set_client */;
/*!50503 SET character_set_client = utf8mb4 */;
CREATE TABLE `Locations` (
  `location_id` int NOT NULL AUTO_INCREMENT,
  `location_name` varchar(100) NOT NULL,
  `city` varchar(50) NOT NULL,
  `state` varchar(50) NOT NULL,
  `country` varchar(50) NOT NULL,
  PRIMARY KEY (`location_id`)
) ENGINE=InnoDB AUTO_INCREMENT=11 DEFAULT CHARSET=utf8mb4 COLLATE=utf8mb4_0900_ai_ci;
/*!40101 SET character_set_client = @saved_cs_client */;

--
-- Dumping data for table `Locations`
--

LOCK TABLES `Locations` WRITE;
/*!40000 ALTER TABLE `Locations` DISABLE KEYS */;
INSERT INTO `Locations` VALUES (1,'Parklands','Adelaide','South Australia','Australia'),(2,'Beachside Ave','Glenelg','South Australia','Australia'),(3,'Botanic Gardens','Adelaide','South Australia','Australia'),(4,'Riverwalk Trail','Melbourne','Victoria','Australia'),(5,'City Square','Sydney','New South Wales','Australia'),(6,'North Terrace','Adelaide','WA','Australia'),(7,'North Terrace','Adelaide','SA','Australia'),(8,'STUTI','North Terrace/Adelaide','SA','Australia'),(9,'A','North Terrace/Adelaide','SA','Australia'),(10,'glenelg','North Terrace/Adelaide','SA','Australia');
/*!40000 ALTER TABLE `Locations` ENABLE KEYS */;
UNLOCK TABLES;

--
-- Table structure for table `Users`
--

DROP TABLE IF EXISTS `Users`;
/*!40101 SET @saved_cs_client     = @@character_set_client */;
/*!50503 SET character_set_client = utf8mb4 */;
CREATE TABLE `Users` (
  `user_id` int NOT NULL AUTO_INCREMENT,
  `username` varchar(50) NOT NULL,
  `email` varchar(100) NOT NULL,
  `password_hash` varchar(255) NOT NULL,
  `role` enum('owner','walker') NOT NULL,
  `created_at` timestamp NULL DEFAULT CURRENT_TIMESTAMP,
  PRIMARY KEY (`user_id`),
  UNIQUE KEY `username` (`username`),
  UNIQUE KEY `email` (`email`)
) ENGINE=InnoDB AUTO_INCREMENT=6 DEFAULT CHARSET=utf8mb4 COLLATE=utf8mb4_0900_ai_ci;
/*!40101 SET character_set_client = @saved_cs_client */;

--
-- Dumping data for table `Users`
--

LOCK TABLES `Users` WRITE;
/*!40000 ALTER TABLE `Users` DISABLE KEYS */;
INSERT INTO `Users` VALUES (1,'alice123','alice@example.com','hashed123','owner','2025-06-20 04:29:53'),(2,'bobwalker','bob@example.com','hashed456','walker','2025-06-20 04:29:53'),(3,'carol123','carol@example.com','hashed789','owner','2025-06-20 04:29:53'),(4,'danwalker','dan@example.com','hashed321','walker','2025-06-20 04:29:53'),(5,'emilyowner','emily@example.com','hashed654','owner','2025-06-20 04:29:53');
/*!40000 ALTER TABLE `Users` ENABLE KEYS */;
UNLOCK TABLES;

--
-- Table structure for table `WalkApplications`
--

DROP TABLE IF EXISTS `WalkApplications`;
/*!40101 SET @saved_cs_client     = @@character_set_client */;
/*!50503 SET character_set_client = utf8mb4 */;
CREATE TABLE `WalkApplications` (
  `application_id` int NOT NULL AUTO_INCREMENT,
  `request_id` int NOT NULL,
  `walker_id` int NOT NULL,
  `applied_at` timestamp NULL DEFAULT CURRENT_TIMESTAMP,
  `status` enum('pending','accepted','rejected') DEFAULT 'pending',
  PRIMARY KEY (`application_id`),
  UNIQUE KEY `unique_application` (`request_id`,`walker_id`),
  KEY `walker_id` (`walker_id`),
  CONSTRAINT `WalkApplications_ibfk_1` FOREIGN KEY (`request_id`) REFERENCES `WalkRequests` (`request_id`),
  CONSTRAINT `WalkApplications_ibfk_2` FOREIGN KEY (`walker_id`) REFERENCES `Users` (`user_id`)
) ENGINE=InnoDB AUTO_INCREMENT=6 DEFAULT CHARSET=utf8mb4 COLLATE=utf8mb4_0900_ai_ci;
/*!40101 SET character_set_client = @saved_cs_client */;

--
-- Dumping data for table `WalkApplications`
--

LOCK TABLES `WalkApplications` WRITE;
/*!40000 ALTER TABLE `WalkApplications` DISABLE KEYS */;
INSERT INTO `WalkApplications` VALUES (1,6,2,'2025-06-20 11:33:56','pending'),(2,9,2,'2025-06-20 20:54:40','pending'),(3,10,2,'2025-06-21 06:29:39','pending'),(4,11,2,'2025-06-21 06:43:18','pending'),(5,13,4,'2025-06-21 06:48:16','pending');
/*!40000 ALTER TABLE `WalkApplications` ENABLE KEYS */;
UNLOCK TABLES;

--
-- Table structure for table `WalkRatings`
--

DROP TABLE IF EXISTS `WalkRatings`;
/*!40101 SET @saved_cs_client     = @@character_set_client */;
/*!50503 SET character_set_client = utf8mb4 */;
CREATE TABLE `WalkRatings` (
  `rating_id` int NOT NULL AUTO_INCREMENT,
  `request_id` int NOT NULL,
  `walker_id` int NOT NULL,
  `owner_id` int NOT NULL,
  `rating` int DEFAULT NULL,
  `comments` text,
  `rated_at` timestamp NULL DEFAULT CURRENT_TIMESTAMP,
  PRIMARY KEY (`rating_id`),
  UNIQUE KEY `unique_rating_per_walk` (`request_id`),
  KEY `walker_id` (`walker_id`),
  KEY `owner_id` (`owner_id`),
  CONSTRAINT `WalkRatings_ibfk_1` FOREIGN KEY (`request_id`) REFERENCES `WalkRequests` (`request_id`),
  CONSTRAINT `WalkRatings_ibfk_2` FOREIGN KEY (`walker_id`) REFERENCES `Users` (`user_id`),
  CONSTRAINT `WalkRatings_ibfk_3` FOREIGN KEY (`owner_id`) REFERENCES `Users` (`user_id`),
  CONSTRAINT `WalkRatings_chk_1` CHECK ((`rating` between 1 and 5))
) ENGINE=InnoDB DEFAULT CHARSET=utf8mb4 COLLATE=utf8mb4_0900_ai_ci;
/*!40101 SET character_set_client = @saved_cs_client */;

--
-- Dumping data for table `WalkRatings`
--

LOCK TABLES `WalkRatings` WRITE;
/*!40000 ALTER TABLE `WalkRatings` DISABLE KEYS */;
/*!40000 ALTER TABLE `WalkRatings` ENABLE KEYS */;
UNLOCK TABLES;

--
-- Table structure for table `WalkRequests`
--

DROP TABLE IF EXISTS `WalkRequests`;
/*!40101 SET @saved_cs_client     = @@character_set_client */;
/*!50503 SET character_set_client = utf8mb4 */;
CREATE TABLE `WalkRequests` (
  `request_id` int NOT NULL AUTO_INCREMENT,
  `dog_id` int NOT NULL,
  `requested_time` datetime NOT NULL,
  `duration_minutes` int NOT NULL,
  `status` enum('open','accepted','completed','cancelled') DEFAULT 'open',
  `created_at` timestamp NULL DEFAULT CURRENT_TIMESTAMP,
  `location_id` int NOT NULL,
  PRIMARY KEY (`request_id`),
  KEY `dog_id` (`dog_id`),
  KEY `location_id` (`location_id`),
  CONSTRAINT `WalkRequests_ibfk_1` FOREIGN KEY (`dog_id`) REFERENCES `Dogs` (`dog_id`),
  CONSTRAINT `WalkRequests_ibfk_2` FOREIGN KEY (`location_id`) REFERENCES `Locations` (`location_id`)
) ENGINE=InnoDB AUTO_INCREMENT=14 DEFAULT CHARSET=utf8mb4 COLLATE=utf8mb4_0900_ai_ci;
/*!40101 SET character_set_client = @saved_cs_client */;

--
-- Dumping data for table `WalkRequests`
--

LOCK TABLES `WalkRequests` WRITE;
/*!40000 ALTER TABLE `WalkRequests` DISABLE KEYS */;
INSERT INTO `WalkRequests` VALUES (1,1,'2025-06-10 08:00:00',30,'open','2025-06-20 04:35:56',1),(2,2,'2025-06-10 09:30:00',45,'accepted','2025-06-20 04:35:56',2),(3,3,'2025-06-11 11:00:00',55,'open','2025-06-20 04:35:56',5),(4,4,'2025-06-12 14:30:00',60,'open','2025-06-20 04:35:56',3),(5,5,'2025-06-13 16:30:00',50,'cancelled','2025-06-20 04:35:56',4),(6,4,'2025-03-20 16:00:00',30,'accepted','2025-06-20 11:33:25',6),(7,4,'2025-06-24 16:00:00',35,'open','2025-06-20 20:42:36',7),(8,1,'2025-06-22 20:15:00',20,'open','2025-06-20 20:43:47',8),(9,1,'2025-06-28 11:55:00',30,'accepted','2025-06-20 20:52:50',9),(10,4,'2025-04-23 06:30:00',35,'accepted','2025-06-21 06:29:16',7),(11,2,'2025-06-26 22:42:00',10,'accepted','2025-06-21 06:42:06',7),(12,5,'2025-06-25 22:46:00',20,'open','2025-06-21 06:46:09',7),(13,2,'2025-06-25 22:50:00',35,'accepted','2025-06-21 06:47:48',10);
/*!40000 ALTER TABLE `WalkRequests` ENABLE KEYS */;
UNLOCK TABLES;
/*!40103 SET TIME_ZONE=@OLD_TIME_ZONE */;

/*!40101 SET SQL_MODE=@OLD_SQL_MODE */;
/*!40014 SET FOREIGN_KEY_CHECKS=@OLD_FOREIGN_KEY_CHECKS */;
/*!40014 SET UNIQUE_CHECKS=@OLD_UNIQUE_CHECKS */;
/*!40101 SET CHARACTER_SET_CLIENT=@OLD_CHARACTER_SET_CLIENT */;
/*!40101 SET CHARACTER_SET_RESULTS=@OLD_CHARACTER_SET_RESULTS */;
/*!40101 SET COLLATION_CONNECTION=@OLD_COLLATION_CONNECTION */;
/*!40111 SET SQL_NOTES=@OLD_SQL_NOTES */;

-- Dump completed on 2025-06-21  6:50:09
